/*
Navicat MySQL Data Transfer

Source Server         : zong
Source Server Version : 80011
Source Host           : localhost:3306
Source Database       : neweast

Target Server Type    : MYSQL
Target Server Version : 80011
File Encoding         : 65001

Date: 2021-08-07 16:48:32
*/

SET FOREIGN_KEY_CHECKS=0;

-- ----------------------------
-- Table structure for account
-- ----------------------------
DROP TABLE IF EXISTS `account`;
CREATE TABLE `account` (
  `id` bigint(20) NOT NULL AUTO_INCREMENT,
  `price` decimal(10,2) DEFAULT NULL,
  `user_id` bigint(20) NOT NULL,
  PRIMARY KEY (`id`),
  UNIQUE KEY `user_account` (`user_id`) USING BTREE,
  CONSTRAINT `user_account` FOREIGN KEY (`user_id`) REFERENCES `user` (`id`)
) ENGINE=InnoDB AUTO_INCREMENT=5 DEFAULT CHARSET=utf8 COLLATE=utf8_bin;

-- ----------------------------
-- Records of account
-- ----------------------------
INSERT INTO `account` VALUES ('1', '52000.00', '1');
INSERT INTO `account` VALUES ('2', '17740.00', '2');
INSERT INTO `account` VALUES ('3', '42972.00', '3');

-- ----------------------------
-- Table structure for cart
-- ----------------------------
DROP TABLE IF EXISTS `cart`;
CREATE TABLE `cart` (
  `id` bigint(20) NOT NULL AUTO_INCREMENT,
  `price` decimal(10,2) DEFAULT NULL,
  `count` int(10) DEFAULT NULL,
  `user_id` bigint(20) NOT NULL,
  `course_id` bigint(20) NOT NULL,
  PRIMARY KEY (`id`),
  KEY `user_cart` (`user_id`),
  KEY `course_cart` (`course_id`),
  CONSTRAINT `course_cart` FOREIGN KEY (`course_id`) REFERENCES `course` (`id`),
  CONSTRAINT `user_cart` FOREIGN KEY (`user_id`) REFERENCES `user` (`id`)
) ENGINE=InnoDB AUTO_INCREMENT=1413413828658446338 DEFAULT CHARSET=utf8 COLLATE=utf8_bin;

-- ----------------------------
-- Records of cart
-- ----------------------------
INSERT INTO `cart` VALUES ('1411982175822094337', '2260.00', '1', '2', '29');

-- ----------------------------
-- Table structure for course
-- ----------------------------
DROP TABLE IF EXISTS `course`;
CREATE TABLE `course` (
  `id` bigint(20) NOT NULL AUTO_INCREMENT,
  `name` varchar(255) CHARACTER SET utf8 COLLATE utf8_bin DEFAULT NULL,
  `price` decimal(10,2) DEFAULT NULL,
  `max_sign_up` int(11) DEFAULT NULL,
  `sign_up` int(11) DEFAULT NULL,
  `start_time` timestamp NULL DEFAULT CURRENT_TIMESTAMP ON UPDATE CURRENT_TIMESTAMP,
  `end_time` timestamp NULL DEFAULT CURRENT_TIMESTAMP ON UPDATE CURRENT_TIMESTAMP,
  `img_url` varchar(255) CHARACTER SET utf8 COLLATE utf8_bin DEFAULT NULL,
  `s_category_id` bigint(20) NOT NULL,
  `teacher_id` bigint(20) NOT NULL,
  PRIMARY KEY (`id`),
  KEY `scategory_course` (`s_category_id`),
  KEY `teacher_course` (`teacher_id`),
  CONSTRAINT `scategory_course` FOREIGN KEY (`s_category_id`) REFERENCES `scategory` (`id`),
  CONSTRAINT `teacher_course` FOREIGN KEY (`teacher_id`) REFERENCES `teacher` (`id`)
) ENGINE=InnoDB AUTO_INCREMENT=251 DEFAULT CHARSET=utf8 COLLATE=utf8_bin;

-- ----------------------------
-- Records of course
-- ----------------------------
INSERT INTO `course` VALUES ('1', '一年级数学志高春季班', '2260.00', '30', '30', '2021-07-09 15:53:38', '2021-07-09 15:53:38', '/img/list1.jpg', '1', '1');
INSERT INTO `course` VALUES ('2', '二年级数学志高春季班', '2260.00', '30', '30', '2021-07-09 15:53:40', '2021-07-09 15:53:40', '/img/list2.jpg', '2', '2');
INSERT INTO `course` VALUES ('3', '三年级数学志高春季班', '2260.00', '30', '30', '2021-07-09 15:53:41', '2021-07-09 15:53:41', '/img/list3.jpg', '3', '3');
INSERT INTO `course` VALUES ('4', '四年级数学志高春季班', '2260.00', '30', '30', '2021-07-09 15:53:43', '2021-07-09 15:53:43', '/img/list4.jpg', '4', '4');
INSERT INTO `course` VALUES ('5', '五年级数学志高春季班', '2260.00', '30', '5', '2021-07-09 15:42:47', '2021-07-09 15:42:47', '/img/list5.jpg', '5', '5');
INSERT INTO `course` VALUES ('6', '六年级数学志高春季班', '2260.00', '30', '6', '2021-07-09 15:38:10', '2021-07-09 15:38:10', '/img/list6.jpg', '6', '6');
INSERT INTO `course` VALUES ('7', '2021房山七年级上期末语文', '199.00', '30', '4', '2021-07-09 15:42:49', '2021-07-09 15:42:49', '/img/list7.jpg', '7', '7');
INSERT INTO `course` VALUES ('8', '2021房山八年级上期末语文', '299.00', '30', '10', '2021-07-09 15:42:50', '2021-07-09 15:42:50', '/img/list8.jpg', '8', '8');
INSERT INTO `course` VALUES ('9', '2021房山九年级上期末语文', '399.00', '30', '11', '2021-07-09 15:42:51', '2021-07-09 15:42:51', '/img/list9.jpg', '9', '9');
INSERT INTO `course` VALUES ('10', '高一物理暑假专项班', '300.00', '30', '15', '2021-07-09 15:42:52', '2021-07-09 15:42:52', '/img/list10.jpg', '10', '10');
INSERT INTO `course` VALUES ('11', '高二物理暑假专项班', '500.00', '30', '14', '2021-07-09 15:42:55', '2021-07-09 15:42:55', '/img/list11.jpg', '11', '1');
INSERT INTO `course` VALUES ('12', '高考物理暑假专项班', '999.00', '30', '20', '2021-07-09 15:42:57', '2021-07-09 15:42:57', '/img/list12.jpg', '12', '2');
INSERT INTO `course` VALUES ('13', '一年级语文志高春季班', '2260.00', '30', '25', '2021-07-09 15:42:58', '2021-07-09 15:42:58', '/img/list13.jpg', '1', '3');
INSERT INTO `course` VALUES ('14', '一年级英语志高春季班', '2260.00', '30', '15', '2021-07-09 15:42:59', '2021-07-09 15:42:59', '/img/list14.jpg', '1', '4');
INSERT INTO `course` VALUES ('16', '一年级美术志高春季班', '2260.00', '30', '22', '2021-07-09 15:38:18', '2021-07-09 15:38:18', '/img/list16.jpg', '1', '5');
INSERT INTO `course` VALUES ('17', '一年级数学志高秋季班', '2260.00', '30', '22', '2021-07-09 15:38:19', '2021-07-09 15:38:19', '/img/list17.jpg', '1', '6');
INSERT INTO `course` VALUES ('18', '一年级英语志高秋季班', '2260.00', '30', '24', '2021-07-09 15:43:08', '2021-07-09 15:43:08', '/img/list18.jpg', '1', '7');
INSERT INTO `course` VALUES ('19', '一年级美术志高秋季班', '2260.00', '30', '18', '2021-07-09 15:43:12', '2021-07-09 15:43:12', '/img/list19.jpg', '1', '8');
INSERT INTO `course` VALUES ('20', '二年级语文志高春季班', '2260.00', '30', '22', '2021-07-09 15:38:26', '2021-07-09 15:38:26', '/img/list20.jpg', '2', '9');
INSERT INTO `course` VALUES ('21', '二年级英语志高春季班', '2260.00', '30', '22', '2021-07-09 15:38:27', '2021-07-09 15:38:27', '/img/list21.jpg', '2', '10');
INSERT INTO `course` VALUES ('22', '二年级美术志高春季班', '2260.00', '30', '30', '2021-07-09 15:43:20', '2021-07-09 15:43:20', '/img/list22.jpg', '2', '1');
INSERT INTO `course` VALUES ('23', '二年级数学志高秋季班', '2260.00', '30', '20', '2021-07-09 15:43:21', '2021-07-09 15:43:21', '/img/list23.jpg', '2', '2');
INSERT INTO `course` VALUES ('24', '二年级英语志高秋季班', '2260.00', '30', '15', '2021-07-09 15:43:25', '2021-07-09 15:43:25', '/img/list24.jpg', '2', '3');
INSERT INTO `course` VALUES ('25', '二年级美术志高秋季班', '2260.00', '30', '18', '2021-07-09 15:43:29', '2021-07-09 15:43:29', '/img/list25.jpg', '2', '4');
INSERT INTO `course` VALUES ('26', '三年级语文志高春季班', '2260.00', '30', '22', '2021-07-09 15:38:31', '2021-07-09 15:38:31', '/img/list26.jpg', '3', '5');
INSERT INTO `course` VALUES ('27', '三年级英语志高春季班', '2260.00', '30', '22', '2021-07-09 15:38:32', '2021-07-09 15:38:32', '/img/list27.jpg', '3', '6');
INSERT INTO `course` VALUES ('28', '三年级美术志高春季班', '2260.00', '30', '20', '2021-07-09 15:43:46', '2021-07-09 15:43:46', '/img/list28.jpg', '3', '7');
INSERT INTO `course` VALUES ('29', '三年级数学志高秋季班', '2260.00', '30', '24', '2021-07-09 15:38:34', '2021-07-09 15:38:34', '/img/list29.jpg', '3', '8');
INSERT INTO `course` VALUES ('30', '三年级英语志高秋季班', '2260.00', '30', '24', '2021-07-09 15:38:36', '2021-07-09 15:38:36', '/img/list30.jpg', '3', '9');
INSERT INTO `course` VALUES ('31', '三年级美术志高秋季班', '2260.00', '30', '28', '2021-07-09 15:43:51', '2021-07-09 15:43:51', '/img/list31.jpg', '3', '10');
INSERT INTO `course` VALUES ('32', '四年级语文志高春季班', '2260.00', '30', '24', '2021-07-09 15:38:38', '2021-07-09 15:38:38', '/img/list32.jpg', '4', '1');
INSERT INTO `course` VALUES ('33', '四年级英语志高春季班', '2260.00', '30', '20', '2021-07-09 15:43:55', '2021-07-09 15:43:55', '/img/list33.jpg', '4', '2');
INSERT INTO `course` VALUES ('34', '四年级美术志高春季班', '2260.00', '30', '24', '2021-07-09 15:39:13', '2021-07-09 15:39:13', '/img/list34.jpg', '4', '3');
INSERT INTO `course` VALUES ('35', '四年级数学志高秋季班', '2260.00', '30', '15', '2021-07-09 15:43:57', '2021-07-09 15:43:57', '/img/list35.jpg', '4', '4');
INSERT INTO `course` VALUES ('36', '四年级英语志高秋季班', '2260.00', '30', '19', '2021-07-09 15:44:03', '2021-07-09 15:44:03', '/img/list36.jpg', '4', '5');
INSERT INTO `course` VALUES ('37', '四年级美术志高秋季班', '2260.00', '30', '20', '2021-07-09 15:44:13', '2021-07-09 15:44:13', '/img/list37.jpg', '4', '6');
INSERT INTO `course` VALUES ('38', '五年级语文志高春季班', '2260.00', '30', '24', '2021-07-09 15:39:16', '2021-07-09 15:39:16', '/img/list38.jpg', '5', '7');
INSERT INTO `course` VALUES ('39', '五年级英语志高春季班', '2260.00', '30', '25', '2021-07-09 15:44:16', '2021-07-09 15:44:16', '/img/list39.jpg', '5', '8');
INSERT INTO `course` VALUES ('40', '五年级美术志高春季班', '2260.00', '30', '20', '2021-07-09 15:44:25', '2021-07-09 15:44:25', '/img/list40.jpg', '5', '9');
INSERT INTO `course` VALUES ('41', '五年级数学志高秋季班', '2260.00', '30', '15', '2021-07-09 15:44:26', '2021-07-09 15:44:26', '/img/list41.jpg', '5', '10');
INSERT INTO `course` VALUES ('42', '五年级英语志高秋季班', '2260.00', '30', '19', '2021-07-09 15:44:27', '2021-07-09 15:44:27', '/img/list42.jpg', '5', '1');
INSERT INTO `course` VALUES ('43', '五年级美术志高秋季班', '299.00', '30', '25', '2021-07-09 15:44:28', '2021-07-09 15:44:28', '/img/list43.jpg', '5', '2');
INSERT INTO `course` VALUES ('44', '六年级语文志高春季班', '299.00', '30', '20', '2021-07-09 15:44:29', '2021-07-09 15:44:29', '/img/list44.jpg', '6', '3');
INSERT INTO `course` VALUES ('45', '六年级英语志高春季班', '299.00', '30', '24', '2021-07-09 15:41:50', '2021-07-09 15:41:50', '/img/list45.jpg', '6', '4');
INSERT INTO `course` VALUES ('46', '六年级美术志高春季班', '299.00', '30', '28', '2021-07-09 15:44:32', '2021-07-09 15:44:32', '/img/list46.jpg', '6', '5');
INSERT INTO `course` VALUES ('47', '六年级数学志高秋季班', '299.00', '30', '20', '2021-07-09 15:44:34', '2021-07-09 15:44:34', '/img/list47.jpg', '6', '6');
INSERT INTO `course` VALUES ('48', '六年级英语志高秋季班', '299.00', '30', '19', '2021-07-09 15:44:34', '2021-07-09 15:44:34', '/img/list48.jpg', '6', '7');
INSERT INTO `course` VALUES ('49', '六年级美术志高秋季班', '299.00', '30', '16', '2021-07-09 15:44:37', '2021-07-09 15:44:37', '/img/list49.jpg', '6', '8');
INSERT INTO `course` VALUES ('50', '2021七年级下期末语文', '299.00', '30', '20', '2021-07-09 15:44:38', '2021-07-09 15:44:38', '/img/list50.jpg', '7', '9');
INSERT INTO `course` VALUES ('51', '2021八年级下期末语文', '299.00', '30', '21', '2021-07-09 15:44:42', '2021-07-09 15:44:42', '/img/list51.jpg', '8', '10');
INSERT INTO `course` VALUES ('52', '2021九年级下期末语文', '299.00', '30', '28', '2021-07-09 15:44:43', '2021-07-09 15:44:43', '/img/list52.jpg', '9', '1');
INSERT INTO `course` VALUES ('53', '2021七年级上期末数学', '299.00', '30', '15', '2021-07-09 15:44:44', '2021-07-09 15:44:44', '/img/list53.jpg', '7', '2');
INSERT INTO `course` VALUES ('54', '2021八年级上期末数学', '299.00', '30', '16', '2021-07-09 15:44:46', '2021-07-09 15:44:46', '/img/list54.jpg', '8', '3');
INSERT INTO `course` VALUES ('55', '2021九年级上期末数学', '299.00', '30', '15', '2021-07-09 15:44:54', '2021-07-09 15:44:54', '/img/list55.jpg', '9', '4');
INSERT INTO `course` VALUES ('56', '2021七年级下期末数学', '299.00', '30', '16', '2021-07-09 15:44:57', '2021-07-09 15:44:57', '/img/list56.jpg', '7', '5');
INSERT INTO `course` VALUES ('57', '2021八年级下期末数学', '299.00', '30', '18', '2021-07-09 15:45:00', '2021-07-09 15:45:00', '/img/list57.jpg', '8', '6');
INSERT INTO `course` VALUES ('58', '2021九年级下期末数学', '299.00', '30', '22', '2021-07-09 15:45:01', '2021-07-09 15:45:01', '/img/list58.jpg', '9', '7');
INSERT INTO `course` VALUES ('59', '2021七年级上期末英语', '399.00', '30', '25', '2021-07-09 15:45:03', '2021-07-09 15:45:03', '/img/list59.jpg', '7', '8');
INSERT INTO `course` VALUES ('60', '2021八年级上期末英语', '399.00', '30', '24', '2021-07-09 15:45:04', '2021-07-09 15:45:04', '/img/list60.jpg', '8', '9');
INSERT INTO `course` VALUES ('61', '2021九年级上期末英语', '399.00', '30', '22', '2021-07-09 15:45:06', '2021-07-09 15:45:06', '/img/list61.jpg', '9', '10');
INSERT INTO `course` VALUES ('62', '2021七年级下期末英语', '399.00', '30', '21', '2021-07-09 15:45:07', '2021-07-09 15:45:07', '/img/list62.jpg', '7', '1');
INSERT INTO `course` VALUES ('63', '2021八年级下期末英语', '399.00', '30', '19', '2021-07-09 15:45:08', '2021-07-09 15:45:08', '/img/list63.jpg', '8', '2');
INSERT INTO `course` VALUES ('64', '2021九年级下期末英语', '399.00', '30', '20', '2021-07-09 15:45:10', '2021-07-09 15:45:10', '/img/list64.jpg', '9', '3');
INSERT INTO `course` VALUES ('65', '2021七年级上期末物理', '399.00', '30', '25', '2021-07-09 15:45:13', '2021-07-09 15:45:13', '/img/list65.jpg', '7', '4');
INSERT INTO `course` VALUES ('66', '2021八年级上期末物理', '399.00', '30', '21', '2021-07-09 15:45:14', '2021-07-09 15:45:14', '/img/list66.jpg', '8', '5');
INSERT INTO `course` VALUES ('67', '2021九年级上期末物理', '399.00', '30', '28', '2021-07-09 15:45:15', '2021-07-09 15:45:15', '/img/list67.jpg', '9', '6');
INSERT INTO `course` VALUES ('68', '2021七年级下期末物理', '399.00', '30', '21', '2021-07-09 15:45:17', '2021-07-09 15:45:17', '/img/list68.jpg', '7', '7');
INSERT INTO `course` VALUES ('69', '2021八年级下期末物理', '399.00', '30', '19', '2021-07-09 15:45:18', '2021-07-09 15:45:18', '/img/list69.jpg', '8', '8');
INSERT INTO `course` VALUES ('70', '2021九年级下期末物理', '399.00', '30', '18', '2021-07-09 15:45:19', '2021-07-09 15:45:19', '/img/list70.jpg', '9', '9');
INSERT INTO `course` VALUES ('71', '高一语文暑假专项班', '300.00', '30', '25', '2021-07-09 15:45:20', '2021-07-09 15:45:20', '/img/list71.jpg', '10', '10');
INSERT INTO `course` VALUES ('72', '高一数学暑假专项班', '300.00', '30', '20', '2021-07-09 15:45:22', '2021-07-09 15:45:22', '/img/list72.jpg', '10', '1');
INSERT INTO `course` VALUES ('73', '高一英语暑假专项班', '300.00', '30', '15', '2021-07-09 15:45:23', '2021-07-09 15:45:23', '/img/list73.jpg', '10', '2');
INSERT INTO `course` VALUES ('74', '高一物理暑假专项班', '300.00', '30', '16', '2021-07-09 15:45:25', '2021-07-09 15:45:25', '/img/list74.jpg', '10', '3');
INSERT INTO `course` VALUES ('75', '高一历史暑假专项班', '300.00', '30', '20', '2021-07-09 15:45:26', '2021-07-09 15:45:26', '/img/list75.jpg', '10', '4');
INSERT INTO `course` VALUES ('76', '高一生物暑假专项班', '300.00', '30', '16', '2021-07-09 15:45:45', '2021-07-09 15:45:45', '/img/list76.jpg', '10', '5');
INSERT INTO `course` VALUES ('77', '高二语文暑假专项班', '500.00', '30', '20', '2021-07-09 15:45:46', '2021-07-09 15:45:46', '/img/list70.jpg', '11', '6');
INSERT INTO `course` VALUES ('78', '高二数学暑假专项班', '500.00', '30', '23', '2021-07-09 15:45:49', '2021-07-09 15:45:49', '/img/list78.jpg', '11', '7');
INSERT INTO `course` VALUES ('79', '高二英语暑假专项班', '500.00', '30', '29', '2021-07-09 15:45:50', '2021-07-09 15:45:50', '/img/list79.jpg', '11', '8');
INSERT INTO `course` VALUES ('80', '高二物理暑假专项班', '500.00', '30', '20', '2021-07-09 15:45:51', '2021-07-09 15:45:51', '/img/list80.jpg', '11', '9');
INSERT INTO `course` VALUES ('81', '高二历史暑假专项班', '500.00', '30', '21', '2021-07-09 15:45:52', '2021-07-09 15:45:52', '/img/list81.jpg', '11', '10');
INSERT INTO `course` VALUES ('82', '高二生物暑假专项班', '500.00', '30', '25', '2021-07-09 15:45:53', '2021-07-09 15:45:53', '/img/list82.jpg', '11', '1');
INSERT INTO `course` VALUES ('83', '高三语文暑假专项班', '999.00', '30', '21', '2021-07-09 15:45:55', '2021-07-09 15:45:55', '/img/list83.jpg', '12', '2');
INSERT INTO `course` VALUES ('84', '高三数学暑假专项班', '999.00', '30', '20', '2021-07-09 15:45:56', '2021-07-09 15:45:56', '/img/list84.jpg', '12', '3');
INSERT INTO `course` VALUES ('85', '高三英语暑假专项班', '999.00', '30', '25', '2021-07-09 15:45:59', '2021-07-09 15:45:59', '/img/list85.jpg', '12', '4');
INSERT INTO `course` VALUES ('86', '高三物理暑假专项班', '999.00', '30', '15', '2021-07-09 15:46:01', '2021-07-09 15:46:01', '/img/list86.jpg', '12', '5');
INSERT INTO `course` VALUES ('87', '高三历史暑假专项班', '999.00', '30', '19', '2021-07-09 15:46:02', '2021-07-09 15:46:02', '/img/list87.jpg', '12', '6');
INSERT INTO `course` VALUES ('88', '高三生物暑假专项班', '999.00', '30', '15', '2021-07-09 15:46:03', '2021-07-09 15:46:03', '/img/list88.jpg', '12', '7');
INSERT INTO `course` VALUES ('89', '大一暑假训练营', '668.00', '30', '20', '2021-07-09 15:46:04', '2021-07-09 15:46:04', '/img/list89.jpg', '13', '8');
INSERT INTO `course` VALUES ('90', '大一寒假训练营', '668.00', '30', '27', '2021-07-09 15:46:06', '2021-07-09 15:46:06', '/img/list90.jpg', '13', '9');
INSERT INTO `course` VALUES ('91', '大一数学暑假训练营', '2688.00', '30', '21', '2021-07-09 15:46:07', '2021-07-09 15:46:07', '/img/list91.jpg', '13', '10');
INSERT INTO `course` VALUES ('92', '大一数学寒假训练营', '1988.00', '30', '20', '2021-07-09 15:46:08', '2021-07-09 15:46:08', '/img/list92.jpg', '13', '1');
INSERT INTO `course` VALUES ('93', '大一英语暑假训练营', '5688.00', '30', '26', '2021-07-09 15:46:09', '2021-07-09 15:46:09', '/img/list93.jpg', '13', '2');
INSERT INTO `course` VALUES ('94', '大一英语寒假训练营', '1688.00', '30', '21', '2021-07-09 15:46:10', '2021-07-09 15:46:10', '/img/list94.jpg', '13', '3');
INSERT INTO `course` VALUES ('95', '大二暑假训练营', '2999.00', '30', '18', '2021-07-09 15:46:12', '2021-07-09 15:46:12', '/img/list95.jpg', '14', '4');
INSERT INTO `course` VALUES ('96', '大二寒假训练营', '1688.00', '30', '11', '2021-07-09 15:46:13', '2021-07-09 15:46:13', '/img/list96.jpg', '14', '5');
INSERT INTO `course` VALUES ('97', '大二数学暑假训练营', '2799.00', '30', '5', '2021-07-09 15:46:15', '2021-07-09 15:46:15', '/img/list97.jpg', '14', '6');
INSERT INTO `course` VALUES ('98', '大二数学寒假训练营', '5618.00', '30', '18', '2021-07-09 15:46:16', '2021-07-09 15:46:16', '/img/list98.jpg', '14', '7');
INSERT INTO `course` VALUES ('99', '大二英语暑假训练营', '5618.00', '30', '16', '2021-07-09 15:46:18', '2021-07-09 15:46:18', '/img/list99.jpg', '14', '8');
INSERT INTO `course` VALUES ('100', '大二英语寒假训练营', '5618.00', '30', '20', '2021-07-09 15:46:19', '2021-07-09 15:46:19', '/img/list100.jpg', '14', '9');
INSERT INTO `course` VALUES ('101', '大三暑假训练营', '5618.00', '30', '18', '2021-07-09 15:46:20', '2021-07-09 15:46:20', '/img/list101.jpg', '15', '10');
INSERT INTO `course` VALUES ('102', '大三寒假训练营', '5618.00', '30', '15', '2021-07-09 15:46:22', '2021-07-09 15:46:22', '/img/list102.jpg', '15', '1');
INSERT INTO `course` VALUES ('103', '大三数学暑假训练营', '5618.00', '30', '20', '2021-07-09 15:46:22', '2021-07-09 15:46:22', '/img/list103.jpg', '15', '2');
INSERT INTO `course` VALUES ('104', '大三数学寒假训练营', '3999.00', '30', '19', '2021-07-09 15:46:24', '2021-07-09 15:46:24', '/img/list104.jpg', '15', '3');
INSERT INTO `course` VALUES ('105', '大三英语暑假训练营', '3999.00', '30', '20', '2021-07-09 15:46:25', '2021-07-09 15:46:25', '/img/list105.jpg', '15', '4');
INSERT INTO `course` VALUES ('106', '大三英语寒假训练营', '3999.00', '30', '24', '2021-07-09 15:46:26', '2021-07-09 15:46:26', '/img/list106.jpg', '15', '5');
INSERT INTO `course` VALUES ('107', '大四暑假训练营', '3999.00', '30', '25', '2021-07-09 15:46:28', '2021-07-09 15:46:28', '/img/list107.jpg', '16', '6');
INSERT INTO `course` VALUES ('108', '大四寒假训练营', '3999.00', '30', '26', '2021-07-09 15:46:29', '2021-07-09 15:46:29', '/img/list108.jpg', '16', '7');
INSERT INTO `course` VALUES ('109', '大四数学暑假训练营', '4299.00', '30', '20', '2021-07-09 15:46:30', '2021-07-09 15:46:30', '/img/list109.jpg', '16', '8');
INSERT INTO `course` VALUES ('110', '大四数学寒假训练营', '4299.00', '30', '10', '2021-07-09 15:46:31', '2021-07-09 15:46:31', '/img/list110.jpg', '16', '9');
INSERT INTO `course` VALUES ('111', '大四英语暑假训练营', '4299.00', '30', '25', '2021-07-09 15:46:33', '2021-07-09 15:46:33', '/img/list111.jpg', '16', '10');
INSERT INTO `course` VALUES ('112', '大四英语寒假训练营', '4299.00', '30', '20', '2021-07-09 15:46:36', '2021-07-09 15:46:36', '/img/list112.jpg', '16', '1');
INSERT INTO `course` VALUES ('113', '研一暑假训练营', '7899.00', '30', '18', '2021-07-09 15:46:40', '2021-07-09 15:46:40', '/img/list1.jpg', '17', '2');
INSERT INTO `course` VALUES ('114', '研一寒假训练营', '7899.00', '30', '21', '2021-07-09 15:46:41', '2021-07-09 15:46:41', '/img/list4.jpg', '17', '3');
INSERT INTO `course` VALUES ('115', '研一数学暑假训练营', '7899.00', '30', '20', '2021-07-09 15:46:42', '2021-07-09 15:46:42', '/img/list5.jpg', '17', '4');
INSERT INTO `course` VALUES ('116', '研一数学寒假训练营', '7899.00', '30', '26', '2021-07-09 15:46:43', '2021-07-09 15:46:43', '/img/list6.jpg', '17', '5');
INSERT INTO `course` VALUES ('117', '研一英语暑假训练营', '7899.00', '30', '15', '2021-07-09 15:46:45', '2021-07-09 15:46:45', '/img/list7.jpg', '17', '6');
INSERT INTO `course` VALUES ('118', '研一英语寒假训练营', '7899.00', '30', '20', '2021-07-09 15:46:46', '2021-07-09 15:46:46', '/img/list8.jpg', '17', '7');
INSERT INTO `course` VALUES ('119', '研二暑假训练营', '5566.00', '30', '25', '2021-07-09 15:46:48', '2021-07-09 15:46:48', '/img/list9.jpg', '18', '8');
INSERT INTO `course` VALUES ('120', '研二寒假训练营', '5566.00', '30', '19', '2021-07-09 15:46:50', '2021-07-09 15:46:50', '/img/list1.jpg', '18', '9');
INSERT INTO `course` VALUES ('121', '研二数学暑假训练营', '5566.00', '30', '18', '2021-07-09 15:46:51', '2021-07-09 15:46:51', '/img/list1.jpg', '18', '10');
INSERT INTO `course` VALUES ('122', '研二数学寒假训练营', '5566.00', '30', '16', '2021-07-09 15:46:52', '2021-07-09 15:46:52', '/img/list2.jpg', '18', '1');
INSERT INTO `course` VALUES ('123', '研二英语暑假训练营', '5566.00', '30', '15', '2021-07-09 15:46:53', '2021-07-09 15:46:53', '/img/list3.jpg', '18', '2');
INSERT INTO `course` VALUES ('124', '研二英语寒假训练营', '5566.00', '30', '20', '2021-07-09 15:46:55', '2021-07-09 15:46:55', '/img/list4.jpg', '18', '3');
INSERT INTO `course` VALUES ('125', '研三暑假训练营', '3699.00', '30', '24', '2021-07-09 15:46:56', '2021-07-09 15:46:56', '/img/list5.jpg', '19', '4');
INSERT INTO `course` VALUES ('126', '研三寒假训练营', '3699.00', '30', '20', '2021-07-09 15:46:57', '2021-07-09 15:46:57', '/img/list6.jpg', '19', '5');
INSERT INTO `course` VALUES ('127', '研三数学暑假训练营', '3699.00', '30', '26', '2021-07-09 15:46:59', '2021-07-09 15:46:59', '/img/list7.jpg', '19', '6');
INSERT INTO `course` VALUES ('128', '研三数学寒假训练营', '3699.00', '30', '19', '2021-07-09 15:47:02', '2021-07-09 15:47:02', '/img/list8.jpg', '19', '7');
INSERT INTO `course` VALUES ('129', '研三英语暑假训练营', '3699.00', '30', '20', '2021-07-09 15:47:03', '2021-07-09 15:47:03', '/img/list9.jpg', '19', '8');
INSERT INTO `course` VALUES ('130', '研三英语寒假训练营', '3699.00', '30', '20', '2021-07-09 15:47:04', '2021-07-09 15:47:04', '/img/list1.jpg', '19', '9');
INSERT INTO `course` VALUES ('131', '博一暑假训练营', '7999.00', '30', '25', '2021-07-09 15:47:05', '2021-07-09 15:47:05', '/img/list1.jpg', '20', '10');
INSERT INTO `course` VALUES ('132', '博一寒假训练营', '7999.00', '30', '16', '2021-07-09 15:47:08', '2021-07-09 15:47:08', '/img/list2.jpg', '20', '1');
INSERT INTO `course` VALUES ('133', '博一数学暑假训练营', '7999.00', '30', '20', '2021-07-09 15:47:09', '2021-07-09 15:47:09', '/img/list3.jpg', '20', '2');
INSERT INTO `course` VALUES ('134', '博一数学寒假训练营', '7999.00', '30', '24', '2021-07-09 15:47:10', '2021-07-09 15:47:10', '/img/list4.jpg', '20', '3');
INSERT INTO `course` VALUES ('135', '博一英语暑假训练营', '7999.00', '30', '25', '2021-07-09 15:47:11', '2021-07-09 15:47:11', '/img/list5.jpg', '20', '4');
INSERT INTO `course` VALUES ('136', '博一英语寒假训练营', '7999.00', '30', '26', '2021-07-09 15:47:13', '2021-07-09 15:47:13', '/img/list6.jpg', '20', '5');
INSERT INTO `course` VALUES ('137', '博二暑假训练营', '6999.00', '30', '15', '2021-07-04 13:01:28', '2021-07-04 13:01:28', '/img/list7.jpg', '21', '6');
INSERT INTO `course` VALUES ('138', '博二寒假训练营', '6999.00', '30', '16', '2021-07-09 15:47:18', '2021-07-09 15:47:18', '/img/list8.jpg', '21', '7');
INSERT INTO `course` VALUES ('139', '博二数学暑假训练营', '6999.00', '30', '20', '2021-07-09 15:47:19', '2021-07-09 15:47:19', '/img/list9.jpg', '21', '8');
INSERT INTO `course` VALUES ('140', '博二数学寒假训练营', '6999.00', '30', '20', '2021-07-09 15:47:21', '2021-07-09 15:47:21', '/img/list4.jpg', '21', '9');
INSERT INTO `course` VALUES ('141', '博二英语暑假训练营', '6999.00', '30', '15', '2021-07-04 13:01:30', '2021-07-04 13:01:30', '/img/list1.jpg', '21', '10');
INSERT INTO `course` VALUES ('142', '博二英语寒假训练营', '6999.00', '30', '15', '2021-07-04 13:01:31', '2021-07-04 13:01:31', '/img/list2.jpg', '21', '1');
INSERT INTO `course` VALUES ('143', '博三暑假训练营', '5999.00', '30', '16', '2021-07-09 15:47:25', '2021-07-09 15:47:25', '/img/list3.jpg', '22', '2');
INSERT INTO `course` VALUES ('144', '博三寒假训练营', '5999.00', '30', '21', '2021-07-09 15:47:28', '2021-07-09 15:47:28', '/img/list4.jpg', '22', '3');
INSERT INTO `course` VALUES ('145', '博三数学暑假训练营', '5999.00', '30', '23', '2021-07-09 15:47:31', '2021-07-09 15:47:31', '/img/list5.jpg', '22', '4');
INSERT INTO `course` VALUES ('146', '博三数学寒假训练营', '5999.00', '30', '21', '2021-07-09 15:47:34', '2021-07-09 15:47:34', '/img/list6.jpg', '22', '5');
INSERT INTO `course` VALUES ('147', '博三英语暑假训练营', '5999.00', '30', '24', '2021-07-09 15:47:36', '2021-07-09 15:47:36', '/img/list7.jpg', '22', '6');
INSERT INTO `course` VALUES ('148', '博三英语寒假训练营', '5999.00', '30', '29', '2021-07-09 15:47:38', '2021-07-09 15:47:38', '/img/list8.jpg', '22', '10');
INSERT INTO `course` VALUES ('149', '英语四级语法', '199.00', '30', '24', '2021-07-09 15:47:39', '2021-07-09 15:47:39', '/img/list9.jpg', '23', '1');
INSERT INTO `course` VALUES ('150', '英语四级阅读', '199.00', '30', '21', '2021-07-09 15:47:40', '2021-07-09 15:47:40', '/img/list8.jpg', '23', '2');
INSERT INTO `course` VALUES ('151', '英语四级写译', '199.00', '30', '15', '2021-07-09 15:47:43', '2021-07-09 15:47:43', '/img/list1.jpg', '23', '3');
INSERT INTO `course` VALUES ('152', '英语四级词汇', '199.00', '30', '16', '2021-07-09 15:47:44', '2021-07-09 15:47:44', '/img/list2.jpg', '23', '4');
INSERT INTO `course` VALUES ('153', '英语四级写作专题', '199.00', '30', '14', '2021-07-09 15:47:45', '2021-07-09 15:47:45', '/img/list3.jpg', '23', '5');
INSERT INTO `course` VALUES ('154', '英语四级突击', '199.00', '30', '10', '2021-07-09 15:47:46', '2021-07-09 15:47:46', '/img/list4.jpg', '23', '6');
INSERT INTO `course` VALUES ('155', '英语六级语法', '199.00', '30', '20', '2021-07-09 15:47:48', '2021-07-09 15:47:48', '/img/list5.jpg', '24', '7');
INSERT INTO `course` VALUES ('156', '英语六级阅读', '199.00', '30', '21', '2021-07-09 15:47:49', '2021-07-09 15:47:49', '/img/list6.jpg', '24', '8');
INSERT INTO `course` VALUES ('157', '英语六级写译', '199.00', '30', '22', '2021-07-09 15:47:50', '2021-07-09 15:47:50', '/img/list7.jpg', '24', '9');
INSERT INTO `course` VALUES ('158', '英语六级词汇', '199.00', '30', '22', '2021-07-09 15:47:51', '2021-07-09 15:47:51', '/img/list8.jpg', '24', '10');
INSERT INTO `course` VALUES ('159', '英语六级写作专题', '199.00', '30', '20', '2021-07-09 15:47:52', '2021-07-09 15:47:52', '/img/list9.jpg', '24', '1');
INSERT INTO `course` VALUES ('160', '英语六级突击', '199.00', '30', '20', '2021-07-09 15:47:53', '2021-07-09 15:47:53', '/img/list6.jpg', '24', '2');
INSERT INTO `course` VALUES ('161', '专业四级语法', '599.00', '30', '20', '2021-07-09 15:47:54', '2021-07-09 15:47:54', '/img/list1.jpg', '25', '3');
INSERT INTO `course` VALUES ('162', '专业四级阅读', '599.00', '30', '23', '2021-07-09 15:47:55', '2021-07-09 15:47:55', '/img/list2.jpg', '25', '4');
INSERT INTO `course` VALUES ('163', '专业四级写译', '599.00', '30', '23', '2021-07-09 15:47:57', '2021-07-09 15:47:57', '/img/list3.jpg', '25', '5');
INSERT INTO `course` VALUES ('164', '专业四级词汇', '599.00', '30', '24', '2021-07-09 15:48:01', '2021-07-09 15:48:01', '/img/list4.jpg', '25', '6');
INSERT INTO `course` VALUES ('165', '专业四级写作专题', '599.00', '30', '25', '2021-07-09 15:48:02', '2021-07-09 15:48:02', '/img/list5.jpg', '25', '7');
INSERT INTO `course` VALUES ('166', '专业四级突击', '599.00', '30', '26', '2021-07-09 15:48:03', '2021-07-09 15:48:03', '/img/list1.jpg', '25', '8');
INSERT INTO `course` VALUES ('167', '专业八级语法', '599.00', '30', '20', '2021-07-09 15:48:04', '2021-07-09 15:48:04', '/img/list7.jpg', '26', '9');
INSERT INTO `course` VALUES ('168', '专业八级阅读', '599.00', '30', '20', '2021-07-09 15:48:05', '2021-07-09 15:48:05', '/img/list8.jpg', '26', '10');
INSERT INTO `course` VALUES ('169', '专业八级写译', '599.00', '30', '19', '2021-07-09 15:48:07', '2021-07-09 15:48:07', '/img/list9.jpg', '26', '1');
INSERT INTO `course` VALUES ('170', '专业八级词汇', '599.00', '30', '15', '2021-07-09 15:48:08', '2021-07-09 15:48:08', '/img/list1.jpg', '26', '2');
INSERT INTO `course` VALUES ('171', '专业八级写作专题', '599.00', '30', '16', '2021-07-09 15:48:09', '2021-07-09 15:48:09', '/img/list1.jpg', '26', '3');
INSERT INTO `course` VALUES ('172', '专业八级突击', '599.00', '30', '17', '2021-07-09 15:48:11', '2021-07-09 15:48:11', '/img/list2.jpg', '26', '4');
INSERT INTO `course` VALUES ('173', '小学出国准备', '1299.00', '30', '20', '2021-07-09 15:48:12', '2021-07-09 15:48:12', '/img/list3.jpg', '27', '5');
INSERT INTO `course` VALUES ('174', '出国读高中', '1299.00', '30', '20', '2021-07-09 15:48:21', '2021-07-09 15:48:21', '/img/list8.jpg', '27', '6');
INSERT INTO `course` VALUES ('175', '出国读本科', '1299.00', '30', '21', '2021-07-09 15:48:21', '2021-07-09 15:48:21', '/img/list3.jpg', '27', '7');
INSERT INTO `course` VALUES ('176', '出国读研究生', '1299.00', '30', '23', '2021-07-09 15:48:23', '2021-07-09 15:48:23', '/img/list4.jpg', '27', '8');
INSERT INTO `course` VALUES ('177', '初中生留学预备', '1299.00', '30', '25', '2021-07-09 15:48:24', '2021-07-09 15:48:24', '/img/list6.jpg', '27', '9');
INSERT INTO `course` VALUES ('178', '英联邦精英计划', '1299.00', '30', '29', '2021-07-09 15:48:26', '2021-07-09 15:48:26', '/img/list8.jpg', '27', '10');
INSERT INTO `course` VALUES ('179', '计算机二级', '699.00', '30', '19', '2021-07-09 15:48:29', '2021-07-09 15:48:29', '/img/list8.jpg', '28', '1');
INSERT INTO `course` VALUES ('180', '软件工程师', '699.00', '30', '15', '2021-07-09 15:48:30', '2021-07-09 15:48:30', '/img/list7.jpg', '28', '2');
INSERT INTO `course` VALUES ('181', '一级建造师', '699.00', '30', '16', '2021-07-09 15:48:36', '2021-07-09 15:48:36', '/img/list9.jpg', '28', '3');
INSERT INTO `course` VALUES ('182', '教师资格证', '699.00', '30', '20', '2021-07-09 15:48:37', '2021-07-09 15:48:37', '/img/list10.jpg', '28', '4');
INSERT INTO `course` VALUES ('183', '一级计量师', '699.00', '30', '24', '2021-07-09 15:48:38', '2021-07-09 15:48:38', '/img/list8.jpg', '28', '5');
INSERT INTO `course` VALUES ('184', '二级计量师', '699.00', '30', '20', '2021-07-09 15:48:40', '2021-07-09 15:48:40', '/img/list3.jpg', '28', '6');
INSERT INTO `course` VALUES ('185', '美国游学', '5699.00', '30', '19', '2021-07-09 15:48:41', '2021-07-09 15:48:41', '/img/list1.jpg', '29', '7');
INSERT INTO `course` VALUES ('186', '英国游学', '5699.00', '30', '18', '2021-07-09 15:48:42', '2021-07-09 15:48:42', '/img/list8.jpg', '29', '8');
INSERT INTO `course` VALUES ('187', '法国游学', '5699.00', '30', '17', '2021-07-09 15:48:46', '2021-07-09 15:48:46', '/img/list1.jpg', '29', '9');
INSERT INTO `course` VALUES ('188', '日国游学', '5699.00', '30', '20', '2021-07-09 15:48:48', '2021-07-09 15:48:48', '/img/list2.jpg', '29', '10');
INSERT INTO `course` VALUES ('189', '韩国游学', '5699.00', '30', '20', '2021-07-09 15:48:49', '2021-07-09 15:48:49', '/img/list8.jpg', '29', '1');
INSERT INTO `course` VALUES ('190', '俄罗斯游学', '5699.00', '30', '25', '2021-07-09 15:48:50', '2021-07-09 15:48:50', '/img/list1.jpg', '29', '2');
INSERT INTO `course` VALUES ('191', '托福词汇练习', '2699.00', '30', '21', '2021-07-09 15:48:51', '2021-07-09 15:48:51', '/img/list2.jpg', '30', '3');
INSERT INTO `course` VALUES ('192', '托福语法练习', '2699.00', '30', '23', '2021-07-09 15:48:53', '2021-07-09 15:48:53', '/img/list8.jpg', '30', '4');
INSERT INTO `course` VALUES ('193', '托福写作练习', '2699.00', '30', '20', '2021-07-09 15:48:54', '2021-07-09 15:48:54', '/img/list3.jpg', '30', '5');
INSERT INTO `course` VALUES ('194', '托福翻译练习', '2699.00', '30', '19', '2021-07-09 15:48:56', '2021-07-09 15:48:56', '/img/list10.jpg', '30', '6');
INSERT INTO `course` VALUES ('195', '托福听力练习', '2699.00', '30', '15', '2021-07-09 15:48:57', '2021-07-09 15:48:57', '/img/list8.jpg', '30', '7');
INSERT INTO `course` VALUES ('196', '托福突击练习', '2699.00', '30', '20', '2021-07-09 15:48:58', '2021-07-09 15:48:58', '/img/list3.jpg', '30', '8');
INSERT INTO `course` VALUES ('197', '雅思词汇练习', '2699.00', '30', '24', '2021-07-09 15:49:00', '2021-07-09 15:49:00', '/img/list4.jpg', '31', '9');
INSERT INTO `course` VALUES ('198', '雅思语法练习', '2699.00', '30', '20', '2021-07-09 15:49:02', '2021-07-09 15:49:02', '/img/list6.jpg', '31', '10');
INSERT INTO `course` VALUES ('199', '雅思写作练习', '2699.00', '30', '18', '2021-07-09 15:49:03', '2021-07-09 15:49:03', '/img/list8.jpg', '31', '1');
INSERT INTO `course` VALUES ('200', '雅思翻译练习', '2699.00', '30', '16', '2021-07-09 15:49:04', '2021-07-09 15:49:04', '/img/list3.jpg', '31', '2');
INSERT INTO `course` VALUES ('201', '雅思听力练习', '2699.00', '30', '24', '2021-07-09 15:49:08', '2021-07-09 15:49:08', '/img/list4.jpg', '31', '3');
INSERT INTO `course` VALUES ('202', '雅思突击练习', '2699.00', '30', '20', '2021-07-09 15:49:09', '2021-07-09 15:49:09', '/img/list6.jpg', '31', '4');
INSERT INTO `course` VALUES ('203', '日语零基础入门', '3299.00', '30', '20', '2021-07-09 15:49:10', '2021-07-09 15:49:10', '/img/list8.jpg', '32', '5');
INSERT INTO `course` VALUES ('204', '日语初级', '3299.00', '30', '4', '2021-07-09 15:49:12', '2021-07-09 15:49:12', '/img/list8.jpg', '32', '6');
INSERT INTO `course` VALUES ('205', '日语中级', '3299.00', '30', '1', '2021-07-09 15:49:13', '2021-07-09 15:49:13', '/img/list7.jpg', '32', '7');
INSERT INTO `course` VALUES ('206', '日语高级', '3299.00', '30', '18', '2021-07-09 15:49:17', '2021-07-09 15:49:17', '/img/list9.jpg', '32', '8');
INSERT INTO `course` VALUES ('207', '日语口语', '3299.00', '30', '18', '2021-07-09 15:49:18', '2021-07-09 15:49:18', '/img/list10.jpg', '32', '9');
INSERT INTO `course` VALUES ('208', '日语小班教学', '3299.00', '30', '19', '2021-07-09 15:49:19', '2021-07-09 15:49:19', '/img/list8.jpg', '32', '10');
INSERT INTO `course` VALUES ('209', '法语零基础入门', '3299.00', '30', '24', '2021-07-09 15:49:22', '2021-07-09 15:49:22', '/img/list3.jpg', '33', '1');
INSERT INTO `course` VALUES ('210', '法语初级', '3299.00', '30', '20', '2021-07-09 15:49:23', '2021-07-09 15:49:23', '/img/list1.jpg', '33', '2');
INSERT INTO `course` VALUES ('211', '法语中级', '3299.00', '30', '25', '2021-07-09 15:49:24', '2021-07-09 15:49:24', '/img/list2.jpg', '33', '3');
INSERT INTO `course` VALUES ('212', '法语高级', '3299.00', '30', '20', '2021-07-09 15:49:25', '2021-07-09 15:49:25', '/img/list8.jpg', '33', '4');
INSERT INTO `course` VALUES ('213', '法语口语', '3299.00', '30', '23', '2021-07-09 15:49:26', '2021-07-09 15:49:26', '/img/list1.jpg', '33', '5');
INSERT INTO `course` VALUES ('214', '法语小班教学', '3299.00', '30', '20', '2021-07-09 15:49:27', '2021-07-09 15:49:27', '/img/list2.jpg', '33', '6');
INSERT INTO `course` VALUES ('215', '德语零基础入门', '3299.00', '30', '19', '2021-07-09 15:49:29', '2021-07-09 15:49:29', '/img/list8.jpg', '34', '7');
INSERT INTO `course` VALUES ('216', '德语初级', '3299.00', '30', '18', '2021-07-09 15:49:30', '2021-07-09 15:49:30', '/img/list3.jpg', '34', '8');
INSERT INTO `course` VALUES ('217', '德语中级', '3299.00', '30', '15', '2021-07-09 15:49:31', '2021-07-09 15:49:31', '/img/list1.jpg', '34', '9');
INSERT INTO `course` VALUES ('218', '德语高级', '3299.00', '30', '20', '2021-07-09 15:49:32', '2021-07-09 15:49:32', '/img/list10.jpg', '34', '10');
INSERT INTO `course` VALUES ('219', '德语口语', '3299.00', '30', '21', '2021-07-09 15:49:33', '2021-07-09 15:49:33', '/img/list10.jpg', '34', '1');
INSERT INTO `course` VALUES ('220', '德语小班教学', '3299.00', '30', '22', '2021-07-09 15:49:34', '2021-07-09 15:49:34', '/img/list8.jpg', '34', '2');
INSERT INTO `course` VALUES ('221', '西班牙语零基础入门', '3299.00', '30', '25', '2021-07-09 15:49:35', '2021-07-09 15:49:35', '/img/list3.jpg', '35', '3');
INSERT INTO `course` VALUES ('222', '西班牙语初级', '3299.00', '30', '24', '2021-07-09 15:49:37', '2021-07-09 15:49:37', '/img/list8.jpg', '35', '4');
INSERT INTO `course` VALUES ('223', '西班牙语中级', '3299.00', '30', '21', '2021-07-09 15:49:38', '2021-07-09 15:49:38', '/img/list3.jpg', '35', '5');
INSERT INTO `course` VALUES ('224', '西班牙语高级', '3299.00', '30', '15', '2021-07-09 15:49:39', '2021-07-09 15:49:39', '/img/list4.jpg', '35', '6');
INSERT INTO `course` VALUES ('225', '西班牙语口语', '3299.00', '30', '16', '2021-07-09 15:49:40', '2021-07-09 15:49:40', '/img/list6.jpg', '35', '7');
INSERT INTO `course` VALUES ('226', '西班牙语小班教学', '3299.00', '30', '17', '2021-07-09 15:49:42', '2021-07-09 15:49:42', '/img/list8.jpg', '35', '8');
INSERT INTO `course` VALUES ('227', '韩语零基础入门', '3299.00', '30', '5', '2021-07-09 15:49:44', '2021-07-09 15:49:44', '/img/list1.jpg', '36', '9');
INSERT INTO `course` VALUES ('228', '韩语初级', '3299.00', '30', '20', '2021-07-09 15:49:45', '2021-07-09 15:49:45', '/img/list2.jpg', '36', '10');
INSERT INTO `course` VALUES ('229', '韩语中级', '3299.00', '30', '19', '2021-07-09 15:49:46', '2021-07-09 15:49:46', '/img/list8.jpg', '36', '1');
INSERT INTO `course` VALUES ('230', '韩语高级', '3299.00', '30', '23', '2021-07-09 15:49:48', '2021-07-09 15:49:48', '/img/list1.jpg', '36', '2');
INSERT INTO `course` VALUES ('231', '韩语口语', '3299.00', '30', '24', '2021-07-09 15:49:49', '2021-07-09 15:49:49', '/img/list2.jpg', '36', '3');
INSERT INTO `course` VALUES ('232', '韩语小班教学', '3299.00', '30', '24', '2021-07-09 15:49:50', '2021-07-09 15:49:50', '/img/list8.jpg', '36', '4');
INSERT INTO `course` VALUES ('233', '意大利语零基础入门', '3299.00', '30', '18', '2021-07-09 15:49:52', '2021-07-09 15:49:52', '/img/list3.jpg', '37', '5');
INSERT INTO `course` VALUES ('234', '意大利语初级', '3299.00', '30', '16', '2021-07-09 15:49:53', '2021-07-09 15:49:53', '/img/list1.jpg', '37', '6');
INSERT INTO `course` VALUES ('235', '意大利语中级', '3299.00', '30', '14', '2021-07-09 15:49:55', '2021-07-09 15:49:55', '/img/list10.jpg', '37', '7');
INSERT INTO `course` VALUES ('236', '意大利语高级', '3299.00', '30', '15', '2021-07-09 15:49:56', '2021-07-09 15:49:56', '/img/list10.jpg', '37', '8');
INSERT INTO `course` VALUES ('237', '意大利语口语', '3299.00', '30', '20', '2021-07-09 15:49:57', '2021-07-09 15:49:57', '/img/list8.jpg', '37', '9');
INSERT INTO `course` VALUES ('238', '意大利语小班教学', '3299.00', '30', '15', '2021-07-09 15:49:58', '2021-07-09 15:49:58', '/img/list3.jpg', '37', '10');
INSERT INTO `course` VALUES ('239', '英语零基础入门', '1299.00', '30', '25', '2021-07-09 15:50:00', '2021-07-09 15:50:00', '/img/list4.jpg', '38', '1');
INSERT INTO `course` VALUES ('240', '英语初级', '1299.00', '30', '21', '2021-07-09 15:50:01', '2021-07-09 15:50:01', '/img/list6.jpg', '38', '2');
INSERT INTO `course` VALUES ('241', '英语中级', '1299.00', '30', '25', '2021-07-09 15:50:02', '2021-07-09 15:50:02', '/img/list8.jpg', '38', '3');
INSERT INTO `course` VALUES ('242', '英语高级', '1299.00', '30', '26', '2021-07-09 15:50:03', '2021-07-09 15:50:03', '/img/list4.jpg', '38', '4');
INSERT INTO `course` VALUES ('243', '英语口语', '1299.00', '30', '20', '2021-07-09 15:50:04', '2021-07-09 15:50:04', '/img/list6.jpg', '38', '5');
INSERT INTO `course` VALUES ('244', '英语小班教学', '1699.00', '30', '15', '2021-07-09 15:50:05', '2021-07-09 15:50:05', '/img/list8.jpg', '38', '6');
INSERT INTO `course` VALUES ('245', '留学美国', '8999.00', '30', '13', '2021-07-09 15:50:07', '2021-07-09 15:50:07', '/img/list7.jpg', '39', '7');
INSERT INTO `course` VALUES ('246', '留学英国', '8999.00', '30', '20', '2021-07-09 15:50:08', '2021-07-09 15:50:08', '/img/list9.jpg', '39', '8');
INSERT INTO `course` VALUES ('247', '留学日本', '8999.00', '30', '18', '2021-07-09 15:50:10', '2021-07-09 15:50:10', '/img/list10.jpg', '39', '9');
INSERT INTO `course` VALUES ('248', '留学法国', '8999.00', '30', '19', '2021-07-09 15:50:11', '2021-07-09 15:50:11', '/img/list8.jpg', '39', '1');
INSERT INTO `course` VALUES ('249', '留学韩国', '8999.00', '30', '20', '2021-07-09 15:50:16', '2021-07-09 15:50:16', '/img/list3.jpg', '39', '10');
INSERT INTO `course` VALUES ('250', '留学意大利', '8999.00', '30', '25', '2021-07-09 15:50:17', '2021-07-09 15:50:17', '/img/list4.jpg', '39', '1');

-- ----------------------------
-- Table structure for fcategory
-- ----------------------------
DROP TABLE IF EXISTS `fcategory`;
CREATE TABLE `fcategory` (
  `id` bigint(20) NOT NULL AUTO_INCREMENT,
  `name` varchar(255) CHARACTER SET utf8 COLLATE utf8_bin DEFAULT NULL,
  PRIMARY KEY (`id`)
) ENGINE=InnoDB AUTO_INCREMENT=7 DEFAULT CHARSET=utf8 COLLATE=utf8_bin;

-- ----------------------------
-- Records of fcategory
-- ----------------------------
INSERT INTO `fcategory` VALUES ('1', '小学辅导');
INSERT INTO `fcategory` VALUES ('2', '中学辅导');
INSERT INTO `fcategory` VALUES ('3', '大学辅导');
INSERT INTO `fcategory` VALUES ('4', '英语辅导');
INSERT INTO `fcategory` VALUES ('5', '出国留学');
INSERT INTO `fcategory` VALUES ('6', '小语种');

-- ----------------------------
-- Table structure for orders
-- ----------------------------
DROP TABLE IF EXISTS `orders`;
CREATE TABLE `orders` (
  `id` bigint(20) NOT NULL AUTO_INCREMENT,
  `user_id` bigint(20) DEFAULT NULL,
  `course_id` bigint(20) DEFAULT NULL,
  `create_time` timestamp NULL DEFAULT CURRENT_TIMESTAMP ON UPDATE CURRENT_TIMESTAMP,
  `stat` int(11) DEFAULT NULL,
  `student_id` bigint(20) DEFAULT NULL,
  PRIMARY KEY (`id`),
  KEY `user_order` (`user_id`),
  KEY `course_order` (`course_id`),
  KEY `student_order` (`student_id`),
  CONSTRAINT `course_order` FOREIGN KEY (`course_id`) REFERENCES `course` (`id`),
  CONSTRAINT `student_order` FOREIGN KEY (`student_id`) REFERENCES `student` (`id`),
  CONSTRAINT `user_order` FOREIGN KEY (`user_id`) REFERENCES `user` (`id`)
) ENGINE=InnoDB AUTO_INCREMENT=1413413828658446338 DEFAULT CHARSET=utf8 COLLATE=utf8_bin;

-- ----------------------------
-- Records of orders
-- ----------------------------

-- ----------------------------
-- Table structure for scategory
-- ----------------------------
DROP TABLE IF EXISTS `scategory`;
CREATE TABLE `scategory` (
  `id` bigint(20) NOT NULL AUTO_INCREMENT,
  `name` varchar(255) CHARACTER SET utf8 COLLATE utf8_bin DEFAULT NULL,
  `f_category_id` bigint(20) NOT NULL,
  PRIMARY KEY (`id`),
  KEY `fcategory_scategory` (`f_category_id`),
  CONSTRAINT `fcategory_scategory` FOREIGN KEY (`f_category_id`) REFERENCES `fcategory` (`id`)
) ENGINE=InnoDB AUTO_INCREMENT=41 DEFAULT CHARSET=utf8 COLLATE=utf8_bin;

-- ----------------------------
-- Records of scategory
-- ----------------------------
INSERT INTO `scategory` VALUES ('1', '一年级', '1');
INSERT INTO `scategory` VALUES ('2', '二年级', '1');
INSERT INTO `scategory` VALUES ('3', '三年级', '1');
INSERT INTO `scategory` VALUES ('4', '四年级', '1');
INSERT INTO `scategory` VALUES ('5', '五年级', '1');
INSERT INTO `scategory` VALUES ('6', '六年级', '1');
INSERT INTO `scategory` VALUES ('7', '初一', '2');
INSERT INTO `scategory` VALUES ('8', '初二', '2');
INSERT INTO `scategory` VALUES ('9', '初三', '2');
INSERT INTO `scategory` VALUES ('10', '高一', '2');
INSERT INTO `scategory` VALUES ('11', '高二', '2');
INSERT INTO `scategory` VALUES ('12', '高三', '2');
INSERT INTO `scategory` VALUES ('13', '大一', '3');
INSERT INTO `scategory` VALUES ('14', '大二', '3');
INSERT INTO `scategory` VALUES ('15', '大三', '3');
INSERT INTO `scategory` VALUES ('16', '大四', '3');
INSERT INTO `scategory` VALUES ('17', '研一', '3');
INSERT INTO `scategory` VALUES ('18', '研二', '3');
INSERT INTO `scategory` VALUES ('19', '研三', '3');
INSERT INTO `scategory` VALUES ('20', '博一', '3');
INSERT INTO `scategory` VALUES ('21', '博二', '3');
INSERT INTO `scategory` VALUES ('22', '博三', '3');
INSERT INTO `scategory` VALUES ('23', '英语四级', '4');
INSERT INTO `scategory` VALUES ('24', '英语六级', '4');
INSERT INTO `scategory` VALUES ('25', '专业四级', '4');
INSERT INTO `scategory` VALUES ('26', '专业八级', '4');
INSERT INTO `scategory` VALUES ('27', '留学申请', '5');
INSERT INTO `scategory` VALUES ('28', '备考辅导', '5');
INSERT INTO `scategory` VALUES ('29', '国际游学', '5');
INSERT INTO `scategory` VALUES ('30', '托福机考练习', '5');
INSERT INTO `scategory` VALUES ('31', '雅思机考练习', '5');
INSERT INTO `scategory` VALUES ('32', '日语', '6');
INSERT INTO `scategory` VALUES ('33', '法语', '6');
INSERT INTO `scategory` VALUES ('34', '德语', '6');
INSERT INTO `scategory` VALUES ('35', '西班牙语', '6');
INSERT INTO `scategory` VALUES ('36', '韩语', '6');
INSERT INTO `scategory` VALUES ('37', '意大利语', '6');
INSERT INTO `scategory` VALUES ('38', '英语', '6');
INSERT INTO `scategory` VALUES ('39', '欧亚留学', '5');

-- ----------------------------
-- Table structure for student
-- ----------------------------
DROP TABLE IF EXISTS `student`;
CREATE TABLE `student` (
  `id` bigint(20) NOT NULL AUTO_INCREMENT,
  `name` varchar(255) CHARACTER SET utf8 COLLATE utf8_bin DEFAULT NULL,
  `phone_number` varchar(255) CHARACTER SET utf8 COLLATE utf8_bin DEFAULT NULL,
  `user_id` bigint(20) DEFAULT NULL,
  PRIMARY KEY (`id`),
  KEY `user_student` (`user_id`),
  CONSTRAINT `user_student` FOREIGN KEY (`user_id`) REFERENCES `user` (`id`)
) ENGINE=InnoDB AUTO_INCREMENT=22 DEFAULT CHARSET=utf8 COLLATE=utf8_bin;

-- ----------------------------
-- Records of student
-- ----------------------------
INSERT INTO `student` VALUES ('1', '马化腾', '147258369', '1');
INSERT INTO `student` VALUES ('2', '马云', '258369147', '1');
INSERT INTO `student` VALUES ('3', '丁磊', '369258147', '1');
INSERT INTO `student` VALUES ('4', '雷军', '123456789', '1');
INSERT INTO `student` VALUES ('5', '周鸿祎', '456789123', '2');
INSERT INTO `student` VALUES ('6', '董明珠', '789456123', '2');
INSERT INTO `student` VALUES ('7', '王健林', '987654321', '2');
INSERT INTO `student` VALUES ('8', '王思聪', '654987321', '3');
INSERT INTO `student` VALUES ('9', '王石', '321654987', '3');
INSERT INTO `student` VALUES ('10', '扎布扎克', '963852741', '3');
INSERT INTO `student` VALUES ('11', '小王', '852741963', '3');
INSERT INTO `student` VALUES ('12', '小李', '741852963', '3');
INSERT INTO `student` VALUES ('13', '小吴', '986753421', '2');
INSERT INTO `student` VALUES ('14', '小告', '142753869', '2');
INSERT INTO `student` VALUES ('15', '小刘', '246897513', '2');
INSERT INTO `student` VALUES ('16', '小曹', '793124685', '2');
INSERT INTO `student` VALUES ('17', '小徐', '951738624', '1');
INSERT INTO `student` VALUES ('18', '小不点', '679412358', '1');
INSERT INTO `student` VALUES ('19', '小小', '748951263', '1');
INSERT INTO `student` VALUES ('20', '小个炮', '326951487', '3');

-- ----------------------------
-- Table structure for teacher
-- ----------------------------
DROP TABLE IF EXISTS `teacher`;
CREATE TABLE `teacher` (
  `id` bigint(20) NOT NULL AUTO_INCREMENT,
  `name` varchar(255) CHARACTER SET utf8 COLLATE utf8_bin DEFAULT NULL,
  `description` varchar(255) CHARACTER SET utf8 COLLATE utf8_bin DEFAULT NULL,
  `stat` varchar(255) CHARACTER SET utf8 COLLATE utf8_bin DEFAULT NULL,
  `img_url` varchar(255) CHARACTER SET utf8 COLLATE utf8_bin DEFAULT NULL,
  PRIMARY KEY (`id`)
) ENGINE=InnoDB AUTO_INCREMENT=12 DEFAULT CHARSET=utf8 COLLATE=utf8_bin;

-- ----------------------------
-- Records of teacher
-- ----------------------------
INSERT INTO `teacher` VALUES ('1', '娄老师', '8年一线开发经验，前广电前端负责人、前华为高级工程师，华科硕士，高级项目经理。擅长前端自动化、容器化、跨端产品的开发。熟练动用前沿前端技术，熟悉三大前端框架、Nodejs 全栈开发及自动化流程工具的使用。', '授课中', '/img/teacher1.jpg');
INSERT INTO `teacher` VALUES ('2', '王老师', '多年的软件开发与IT教学经验，精通Python、Java、C/C++等开发语言；python第三方包模块贡献者；从事金融、电商类数据开发多年，有深入的研究；授课认真细致，由浅入深，注重培养学生的学习能力和解决问题的能力。', '已结课', '/img/teacher2.jpg');
INSERT INTO `teacher` VALUES ('3', '王老师', '曾任职360，多年的软件开发与IT教学经验，精通python、Java、C/C++等开发语言，对金融领域数据开发分析有独到的见解，多套网络视频课程，授课风格风趣幽默，知识讲解结构层次分明。', '待开课', '/img/teacher3.jpg');
INSERT INTO `teacher` VALUES ('4', '周老师', 'Web前端工程师，具有多年Web开发经验，熟悉前端技术开发架构，喜爱并热衷于前端开发，特别在Vue、Node.js、React等主流技术领域实践并积累了丰富的经验，提出并成功主导了B2C、社交、O2O、IM、OA等众多领域的技术解决方案，同时在结合 Linux 服务器相关技术优化提升网站性能', '待开课', '/img/teacher4.jpg');
INSERT INTO `teacher` VALUES ('5', '刘老师', '原北京六六八八项目经理，主导大型电商项目E动商网的研发。后曾在多家软件企业担任系统架构师、技术负责人。2014年在大唐高鸿某事业部担任技术总监，主导“敲敲运营平台”的开发。 精通dubbo 、spring cloud等分布式架构技术以及vue.js等前端框架。', '已结课', '/img/teacher5.jpg');
INSERT INTO `teacher` VALUES ('6', '李老师', '10多年IT从业经验，北大计算机毕业，曾在中科软从事系统分析与架构工作，精通OOM、PD、DDD建模；对计算机原理、体系结构、常用算法有深入研究；熟练分布式和微服务环境下的主流技术架构。', '授课中', '/img/teacher6.jpg');
INSERT INTO `teacher` VALUES ('7', '史老师', '曾经在美国comodo担任技术研究员；参与过创业公司技术合伙人，担任技术经理，负责团队从移动端到后台java平台，硬件，大数据平台搭建，及相关人员管理； 担任过国美电商项目虚拟团队技术架构师，参与电商平台架构优化。拥有丰富的Java教学和培训经验。', '已结课', '/img/teacher7.jpg');
INSERT INTO `teacher` VALUES ('8', '谢老师', '南开大学计算机毕业,曾在方正国际,车音网等公司任职,历任高级架构师、技术经理等职.精通互联网分布式架构设计和J2EE开发,精通Spring\\SpringMVC\\mybatis\\dubbo\\等主流开发框架及Redis\\MQ\\Solr第三方中间件.主持开发过张家港医疗信息平台,长城车联网等多个大型互联网应用平台。', '待开课', '/img/teacher8.jpg');
INSERT INTO `teacher` VALUES ('9', '赵老师', '曾参与国家开放大学module教育平台，环球影视(中国)等多个大型项目。拥有丰富的前端教学经验，擅长设计课程与教学。课程内容是第一位，但是让学生学得开心，听得懂也很重要；pink，拼死也要克服前端。', '待开课', '/img/teacher9.jpg');
INSERT INTO `teacher` VALUES ('10', '刘老师', '后端开发出身，曾在金和软件参与大型SOA项目开发；后入职国美集团旗下，负责前端开发工作。基础扎实，深入原理。热爱技术，喜欢读书，看过大量有关前端方面的书籍。 为人友善，知识面广泛。', '授课中', '/img/teacher10.jpg');

-- ----------------------------
-- Table structure for user
-- ----------------------------
DROP TABLE IF EXISTS `user`;
CREATE TABLE `user` (
  `id` bigint(20) NOT NULL AUTO_INCREMENT,
  `username` varchar(255) CHARACTER SET utf8 COLLATE utf8_bin DEFAULT NULL,
  `password` varchar(255) CHARACTER SET utf8 COLLATE utf8_bin DEFAULT NULL,
  `phone_num` varchar(255) CHARACTER SET utf8 COLLATE utf8_bin DEFAULT NULL,
  PRIMARY KEY (`id`)
) ENGINE=InnoDB AUTO_INCREMENT=1407982267045724163 DEFAULT CHARSET=utf8 COLLATE=utf8_bin;

-- ----------------------------
-- Records of user
-- ----------------------------
INSERT INTO `user` VALUES ('1', 'admin', '123456', '13994917241');
INSERT INTO `user` VALUES ('2', 'tom', '123456', '13363498662');
INSERT INTO `user` VALUES ('3', 'zong', '123456', '15503337896');
